,Input_Count,Outputs,Wiring,Gates,Gate_Activations,Truth_Table,Final_Population
0,4,"[4, 5, 6, 7]","[[0, 1], [2, 3], [0, 5], [1, 6]]","['AND', 'AND', 'AND', 'AND']","(1, 1, 1, 0)",[ 0.  0.  0.  4.  1.  1.  1.  5.  0.  0.  0.  6.  9.  9.  9. 15.],False
1,4,"[4, 5, 6, 7]","[[0, 1], [2, 3], [0, 5], [1, 6]]","['AND', 'AND', 'AND', 'AND']","(1, 1, 0, 0)",[ 0.  0.  0.  4.  1.  1.  1.  5.  2.  2.  2.  6. 11. 11. 11. 15.],False
2,4,"[4, 5, 6, 7]","[[0, 1], [2, 3], [0, 5], [1, 6]]","['AND', 'AND', 'AND', 'AND']","(0, 1, 0, 1)",[ 0.  0.  0.  4.  0.  0.  0.  4. 10. 10. 10. 14. 11. 11. 11. 15.],True
3,4,"[4, 5, 6, 7]","[[0, 1], [2, 3], [0, 5], [1, 6]]","['AND', 'AND', 'AND', 'AND']","(1, 0, 1, 0)",[ 0.  0.  4.  4.  1.  1.  5.  5.  0.  0.  6.  6.  9.  9. 15. 15.],False
4,4,"[4, 5, 6, 7]","[[0, 1], [2, 3], [0, 5], [1, 6]]","['AND', 'AND', 'AND', 'AND']","(0, 1, 1, 0)",[ 0.  0.  0.  4.  1.  1.  1.  5.  8.  8.  8. 14.  9.  9.  9. 15.],False
5,4,"[4, 5, 6, 7]","[[0, 1], [2, 3], [0, 5], [1, 6]]","['AND', 'AND', 'AND', 'AND']","(0, 1, 0, 0)",[ 0.  0.  0.  4.  1.  1.  1.  5. 10. 10. 10. 14. 11. 11. 11. 15.],True
6,4,"[4, 5, 6, 7]","[[0, 1], [2, 3], [0, 5], [1, 6]]","['AND', 'AND', 'AND', 'AND']","(1, 1, 0, 1)",[ 0.  0.  0.  4.  0.  0.  0.  4.  2.  2.  2.  6. 11. 11. 11. 15.],False
7,4,"[4, 5, 6, 7]","[[0, 1], [2, 3], [0, 5], [1, 6]]","['AND', 'AND', 'AND', 'AND']","(1, 0, 1, 1)",[ 0.  0.  4.  4.  0.  0.  4.  4.  0.  0.  6.  6.  8.  8. 15. 15.],False
8,4,"[4, 5, 6, 7]","[[0, 1], [2, 3], [0, 5], [1, 6]]","['AND', 'AND', 'AND', 'AND']","(1, 0, 0, 1)",[ 0.  0.  4.  4.  0.  0.  4.  4.  2.  2.  6.  6. 11. 11. 15. 15.],False
9,4,"[4, 5, 6, 7]","[[0, 1], [2, 3], [0, 5], [1, 6]]","['AND', 'AND', 'AND', 'AND']","(0, 1, 1, 1)",[ 0.  0.  0.  4.  0.  0.  0.  4.  8.  8.  8. 14.  8.  8.  8. 15.],False
10,4,"[4, 5, 6, 7]","[[0, 1], [2, 3], [0, 5], [1, 6]]","['AND', 'AND', 'AND', 'AND']","(0, 0, 0, 1)",[ 0.  0.  4.  4.  0.  0.  4.  4. 10. 10. 14. 14. 11. 11. 15. 15.],False
11,4,"[4, 5, 6, 7]","[[0, 1], [2, 3], [0, 5], [1, 6]]","['AND', 'AND', 'AND', 'AND']","(1, 1, 1, 1)",[ 0.  0.  0.  4.  0.  0.  0.  4.  0.  0.  0.  6.  8.  8.  8. 15.],False
12,4,"[4, 5, 6, 7]","[[0, 1], [2, 3], [0, 5], [1, 6]]","['AND', 'AND', 'AND', 'AND']","(0, 0, 1, 1)",[ 0.  0.  4.  4.  0.  0.  4.  4.  8.  8. 14. 14.  8.  8. 15. 15.],False
13,4,"[4, 5, 6, 7]","[[0, 1], [2, 3], [0, 5], [1, 6]]","['AND', 'AND', 'AND', 'AND']","(0, 0, 0, 0)",[ 0.  0.  4.  4.  1.  1.  5.  5. 10. 10. 14. 14. 11. 11. 15. 15.],True
14,4,"[4, 5, 6, 7]","[[0, 1], [2, 3], [0, 5], [1, 6]]","['AND', 'AND', 'AND', 'AND']","(0, 0, 1, 0)",[ 0.  0.  4.  4.  1.  1.  5.  5.  8.  8. 14. 14.  9.  9. 15. 15.],False
15,4,"[4, 5, 6, 7]","[[0, 1], [2, 3], [0, 5], [1, 6]]","['AND', 'AND', 'AND', 'AND']","(1, 0, 0, 0)",[ 0.  0.  4.  4.  1.  1.  5.  5.  2.  2.  6.  6. 11. 11. 15. 15.],True
16,4,"[4, 5, 6, 7]","[[0, 1], [2, 3], [0, 5], [1, 6]]","['AND', 'AND', 'AND', 'OR']","(1, 1, 1, 0)",[ 0.  0.  0.  4.  1.  1.  1.  5.  0.  0.  0.  6.  9.  9.  9. 15.],False
17,4,"[4, 5, 6, 7]","[[0, 1], [2, 3], [0, 5], [1, 6]]","['AND', 'AND', 'AND', 'OR']","(1, 0, 0, 0)",[ 0.  0.  4.  4.  1.  1.  5.  5.  2.  2.  6.  6. 11. 11. 15. 15.],True
18,4,"[4, 5, 6, 7]","[[0, 1], [2, 3], [0, 5], [1, 6]]","['AND', 'AND', 'AND', 'OR']","(0, 0, 1, 1)",[ 0.  0.  4.  4.  0.  0.  4.  4.  8.  8. 14. 14.  8.  8. 15. 15.],False
19,4,"[4, 5, 6, 7]","[[0, 1], [2, 3], [0, 5], [1, 6]]","['AND', 'AND', 'AND', 'OR']","(0, 0, 0, 0)",[ 0.  0.  4.  4.  1.  1.  5.  5. 10. 10. 14. 14. 11. 11. 15. 15.],True
20,4,"[4, 5, 6, 7]","[[0, 1], [2, 3], [0, 5], [1, 6]]","['AND', 'AND', 'AND', 'OR']","(1, 1, 1, 1)",[ 0.  0.  0.  4.  0.  0.  0.  4.  0.  0.  0.  6.  8.  8.  8. 15.],False
21,4,"[4, 5, 6, 7]","[[0, 1], [2, 3], [0, 5], [1, 6]]","['AND', 'AND', 'AND', 'OR']","(0, 0, 0, 1)",[ 0.  0.  4.  4.  0.  0.  4.  4. 10. 10. 14. 14. 11. 11. 15. 15.],False
22,4,"[4, 5, 6, 7]","[[0, 1], [2, 3], [0, 5], [1, 6]]","['AND', 'AND', 'AND', 'OR']","(1, 1, 0, 1)",[ 0.  0.  0.  4.  0.  0.  0.  4.  2.  2.  2.  6. 11. 11. 11. 15.],True
23,4,"[4, 5, 6, 7]","[[0, 1], [2, 3], [0, 5], [1, 6]]","['AND', 'AND', 'AND', 'OR']","(0, 1, 0, 0)",[ 0.  0.  0.  4.  1.  1.  1.  5. 10. 10. 10. 14. 11. 11. 11. 15.],False
24,4,"[4, 5, 6, 7]","[[0, 1], [2, 3], [0, 5], [1, 6]]","['AND', 'AND', 'AND', 'OR']","(1, 0, 1, 0)",[ 0.  0.  4.  4.  1.  1.  5.  5.  0.  0.  6.  6.  9.  9. 15. 15.],False
25,4,"[4, 5, 6, 7]","[[0, 1], [2, 3], [0, 5], [1, 6]]","['AND', 'AND', 'AND', 'OR']","(0, 1, 0, 1)",[ 0.  0.  0.  4.  0.  0.  0.  4. 10. 10. 10. 14. 11. 11. 11. 15.],False
26,4,"[4, 5, 6, 7]","[[0, 1], [2, 3], [0, 5], [1, 6]]","['AND', 'AND', 'AND', 'OR']","(0, 0, 1, 0)",[ 0.  0.  4.  4.  1.  1.  5.  5.  8.  8. 14. 14.  9.  9. 15. 15.],False
27,4,"[4, 5, 6, 7]","[[0, 1], [2, 3], [0, 5], [1, 6]]","['AND', 'AND', 'AND', 'OR']","(0, 1, 1, 1)",[ 0.  0.  0.  4.  0.  0.  0.  4.  8.  8.  8. 14.  8.  8.  8. 15.],False
28,4,"[4, 5, 6, 7]","[[0, 1], [2, 3], [0, 5], [1, 6]]","['AND', 'AND', 'AND', 'OR']","(0, 1, 1, 0)",[ 0.  0.  0.  4.  1.  1.  1.  5.  8.  8.  8. 14.  9.  9.  9. 15.],False
29,4,"[4, 5, 6, 7]","[[0, 1], [2, 3], [0, 5], [1, 6]]","['AND', 'AND', 'AND', 'OR']","(1, 0, 1, 1)",[ 0.  0.  4.  4.  0.  0.  4.  4.  0.  0.  6.  6.  8.  8. 15. 15.],False
30,4,"[4, 5, 6, 7]","[[0, 1], [2, 3], [0, 5], [1, 6]]","['AND', 'AND', 'AND', 'OR']","(1, 0, 0, 1)",[ 0.  0.  4.  4.  0.  0.  4.  4.  2.  2.  6.  6. 11. 11. 15. 15.],True
31,4,"[4, 5, 6, 7]","[[0, 1], [2, 3], [0, 5], [1, 6]]","['AND', 'AND', 'AND', 'OR']","(1, 1, 0, 0)",[ 0.  0.  0.  4.  1.  1.  1.  5.  2.  2.  2.  6. 11. 11. 11. 15.],False
32,4,"[4, 5, 6, 7]","[[0, 1], [2, 3], [0, 5], [1, 6]]","['AND', 'AND', 'OR', 'AND']","(0, 0, 1, 1)",[ 0.  0.  4.  4.  0.  0.  4.  4.  8.  8. 14. 14.  8.  8. 15. 15.],True
33,4,"[4, 5, 6, 7]","[[0, 1], [2, 3], [0, 5], [1, 6]]","['AND', 'AND', 'OR', 'AND']","(1, 0, 1, 1)",[ 0.  0.  4.  4.  0.  0.  4.  4.  0.  0.  6.  6.  8.  8. 15. 15.],False
34,4,"[4, 5, 6, 7]","[[0, 1], [2, 3], [0, 5], [1, 6]]","['AND', 'AND', 'OR', 'AND']","(0, 1, 1, 1)",[ 0.  0.  0.  4.  0.  0.  0.  4.  8.  8.  8. 14.  8.  8.  8. 15.],True
35,4,"[4, 5, 6, 7]","[[0, 1], [2, 3], [0, 5], [1, 6]]","['AND', 'AND', 'OR', 'AND']","(0, 0, 0, 0)",[ 0.  0.  4.  4.  1.  1.  5.  5. 10. 10. 14. 14. 11. 11. 15. 15.],False
36,4,"[4, 5, 6, 7]","[[0, 1], [2, 3], [0, 5], [1, 6]]","['AND', 'AND', 'OR', 'AND']","(1, 0, 1, 0)",[ 0.  0.  4.  4.  1.  1.  5.  5.  0.  0.  6.  6.  9.  9. 15. 15.],False
37,4,"[4, 5, 6, 7]","[[0, 1], [2, 3], [0, 5], [1, 6]]","['AND', 'AND', 'OR', 'AND']","(0, 0, 0, 1)",[ 0.  0.  4.  4.  0.  0.  4.  4. 10. 10. 14. 14. 11. 11. 15. 15.],False
38,4,"[4, 5, 6, 7]","[[0, 1], [2, 3], [0, 5], [1, 6]]","['AND', 'AND', 'OR', 'AND']","(1, 0, 0, 1)",[ 0.  0.  4.  4.  0.  0.  4.  4.  2.  2.  6.  6. 11. 11. 15. 15.],False
39,4,"[4, 5, 6, 7]","[[0, 1], [2, 3], [0, 5], [1, 6]]","['AND', 'AND', 'OR', 'AND']","(1, 0, 0, 0)",[ 0.  0.  4.  4.  1.  1.  5.  5.  2.  2.  6.  6. 11. 11. 15. 15.],False
40,4,"[4, 5, 6, 7]","[[0, 1], [2, 3], [0, 5], [1, 6]]","['AND', 'AND', 'OR', 'AND']","(0, 0, 1, 0)",[ 0.  0.  4.  4.  1.  1.  5.  5.  8.  8. 14. 14.  9.  9. 15. 15.],True
41,4,"[4, 5, 6, 7]","[[0, 1], [2, 3], [0, 5], [1, 6]]","['AND', 'AND', 'OR', 'AND']","(1, 1, 1, 1)",[ 0.  0.  0.  4.  0.  0.  0.  4.  0.  0.  0.  6.  8.  8.  8. 15.],False
42,4,"[4, 5, 6, 7]","[[0, 1], [2, 3], [0, 5], [1, 6]]","['AND', 'AND', 'OR', 'AND']","(1, 1, 1, 0)",[ 0.  0.  0.  4.  1.  1.  1.  5.  0.  0.  0.  6.  9.  9.  9. 15.],True
43,4,"[4, 5, 6, 7]","[[0, 1], [2, 3], [0, 5], [1, 6]]","['AND', 'AND', 'OR', 'AND']","(0, 1, 1, 0)",[ 0.  0.  0.  4.  1.  1.  1.  5.  8.  8.  8. 14.  9.  9.  9. 15.],False
44,4,"[4, 5, 6, 7]","[[0, 1], [2, 3], [0, 5], [1, 6]]","['AND', 'AND', 'OR', 'AND']","(1, 1, 0, 0)",[ 0.  0.  0.  4.  1.  1.  1.  5.  2.  2.  2.  6. 11. 11. 11. 15.],False
45,4,"[4, 5, 6, 7]","[[0, 1], [2, 3], [0, 5], [1, 6]]","['AND', 'AND', 'OR', 'AND']","(0, 1, 0, 0)",[ 0.  0.  0.  4.  1.  1.  1.  5. 10. 10. 10. 14. 11. 11. 11. 15.],False
46,4,"[4, 5, 6, 7]","[[0, 1], [2, 3], [0, 5], [1, 6]]","['AND', 'AND', 'OR', 'AND']","(0, 1, 0, 1)",[ 0.  0.  0.  4.  0.  0.  0.  4. 10. 10. 10. 14. 11. 11. 11. 15.],True
47,4,"[4, 5, 6, 7]","[[0, 1], [2, 3], [0, 5], [1, 6]]","['AND', 'AND', 'OR', 'AND']","(1, 1, 0, 1)",[ 0.  0.  0.  4.  0.  0.  0.  4.  2.  2.  2.  6. 11. 11. 11. 15.],False
48,4,"[4, 5, 6, 7]","[[0, 1], [2, 3], [0, 5], [1, 6]]","['AND', 'AND', 'OR', 'OR']","(0, 0, 1, 0)",[ 0.  0.  4.  4.  1.  1.  5.  5.  8.  8. 14. 14.  9.  9. 15. 15.],False
49,4,"[4, 5, 6, 7]","[[0, 1], [2, 3], [0, 5], [1, 6]]","['AND', 'AND', 'OR', 'OR']","(0, 1, 0, 0)",[ 0.  0.  0.  4.  1.  1.  1.  5. 10. 10. 10. 14. 11. 11. 11. 15.],False
50,4,"[4, 5, 6, 7]","[[0, 1], [2, 3], [0, 5], [1, 6]]","['AND', 'AND', 'OR', 'OR']","(0, 0, 0, 1)",[ 0.  0.  4.  4.  0.  0.  4.  4. 10. 10. 14. 14. 11. 11. 15. 15.],False
51,4,"[4, 5, 6, 7]","[[0, 1], [2, 3], [0, 5], [1, 6]]","['AND', 'AND', 'OR', 'OR']","(0, 1, 1, 1)",[ 0.  0.  0.  4.  0.  0.  0.  4.  8.  8.  8. 14.  8.  8.  8. 15.],True
52,4,"[4, 5, 6, 7]","[[0, 1], [2, 3], [0, 5], [1, 6]]","['AND', 'AND', 'OR', 'OR']","(0, 0, 1, 1)",[ 0.  0.  4.  4.  0.  0.  4.  4.  8.  8. 14. 14.  8.  8. 15. 15.],False
53,4,"[4, 5, 6, 7]","[[0, 1], [2, 3], [0, 5], [1, 6]]","['AND', 'AND', 'OR', 'OR']","(1, 0, 0, 0)",[ 0.  0.  4.  4.  1.  1.  5.  5.  2.  2.  6.  6. 11. 11. 15. 15.],False
54,4,"[4, 5, 6, 7]","[[0, 1], [2, 3], [0, 5], [1, 6]]","['AND', 'AND', 'OR', 'OR']","(0, 0, 0, 0)",[ 0.  0.  4.  4.  1.  1.  5.  5. 10. 10. 14. 14. 11. 11. 15. 15.],False
55,4,"[4, 5, 6, 7]","[[0, 1], [2, 3], [0, 5], [1, 6]]","['AND', 'AND', 'OR', 'OR']","(0, 1, 0, 1)",[ 0.  0.  0.  4.  0.  0.  0.  4. 10. 10. 10. 14. 11. 11. 11. 15.],False
56,4,"[4, 5, 6, 7]","[[0, 1], [2, 3], [0, 5], [1, 6]]","['AND', 'AND', 'OR', 'OR']","(1, 0, 0, 1)",[ 0.  0.  4.  4.  0.  0.  4.  4.  2.  2.  6.  6. 11. 11. 15. 15.],False
57,4,"[4, 5, 6, 7]","[[0, 1], [2, 3], [0, 5], [1, 6]]","['AND', 'AND', 'OR', 'OR']","(1, 0, 1, 1)",[ 0.  0.  4.  4.  0.  0.  4.  4.  0.  0.  6.  6.  8.  8. 15. 15.],True
58,4,"[4, 5, 6, 7]","[[0, 1], [2, 3], [0, 5], [1, 6]]","['AND', 'AND', 'OR', 'OR']","(1, 0, 1, 0)",[ 0.  0.  4.  4.  1.  1.  5.  5.  0.  0.  6.  6.  9.  9. 15. 15.],False
59,4,"[4, 5, 6, 7]","[[0, 1], [2, 3], [0, 5], [1, 6]]","['AND', 'AND', 'OR', 'OR']","(1, 1, 0, 0)",[ 0.  0.  0.  4.  1.  1.  1.  5.  2.  2.  2.  6. 11. 11. 11. 15.],False
60,4,"[4, 5, 6, 7]","[[0, 1], [2, 3], [0, 5], [1, 6]]","['AND', 'AND', 'OR', 'OR']","(1, 1, 1, 0)",[ 0.  0.  0.  4.  1.  1.  1.  5.  0.  0.  0.  6.  9.  9.  9. 15.],False
61,4,"[4, 5, 6, 7]","[[0, 1], [2, 3], [0, 5], [1, 6]]","['AND', 'AND', 'OR', 'OR']","(0, 1, 1, 0)",[ 0.  0.  0.  4.  1.  1.  1.  5.  8.  8.  8. 14.  9.  9.  9. 15.],False
62,4,"[4, 5, 6, 7]","[[0, 1], [2, 3], [0, 5], [1, 6]]","['AND', 'AND', 'OR', 'OR']","(1, 1, 0, 1)",[ 0.  0.  0.  4.  0.  0.  0.  4.  2.  2.  2.  6. 11. 11. 11. 15.],False
63,4,"[4, 5, 6, 7]","[[0, 1], [2, 3], [0, 5], [1, 6]]","['AND', 'AND', 'OR', 'OR']","(1, 1, 1, 1)",[ 0.  0.  0.  4.  0.  0.  0.  4.  0.  0.  0.  6.  8.  8.  8. 15.],True
64,4,"[4, 5, 6, 7]","[[0, 1], [2, 3], [0, 5], [1, 6]]","['AND', 'OR', 'AND', 'AND']","(0, 0, 0, 1)",[ 0.  0.  4.  4.  0.  0.  4.  4. 10. 10. 14. 14. 11. 11. 15. 15.],True
65,4,"[4, 5, 6, 7]","[[0, 1], [2, 3], [0, 5], [1, 6]]","['AND', 'OR', 'AND', 'AND']","(0, 1, 0, 0)",[ 0.  0.  0.  4.  1.  1.  1.  5. 10. 10. 10. 14. 11. 11. 11. 15.],False
66,4,"[4, 5, 6, 7]","[[0, 1], [2, 3], [0, 5], [1, 6]]","['AND', 'OR', 'AND', 'AND']","(1, 1, 1, 0)",[ 0.  0.  0.  4.  1.  1.  1.  5.  0.  0.  0.  6.  9.  9.  9. 15.],False
67,4,"[4, 5, 6, 7]","[[0, 1], [2, 3], [0, 5], [1, 6]]","['AND', 'OR', 'AND', 'AND']","(0, 1, 1, 0)",[ 0.  0.  0.  4.  1.  1.  1.  5.  8.  8.  8. 14.  9.  9.  9. 15.],False
68,4,"[4, 5, 6, 7]","[[0, 1], [2, 3], [0, 5], [1, 6]]","['AND', 'OR', 'AND', 'AND']","(0, 0, 1, 0)",[ 0.  0.  4.  4.  1.  1.  5.  5.  8.  8. 14. 14.  9.  9. 15. 15.],True
69,4,"[4, 5, 6, 7]","[[0, 1], [2, 3], [0, 5], [1, 6]]","['AND', 'OR', 'AND', 'AND']","(1, 0, 1, 1)",[ 0.  0.  4.  4.  0.  0.  4.  4.  0.  0.  6.  6.  8.  8. 15. 15.],True
70,4,"[4, 5, 6, 7]","[[0, 1], [2, 3], [0, 5], [1, 6]]","['AND', 'OR', 'AND', 'AND']","(0, 0, 0, 0)",[ 0.  0.  4.  4.  1.  1.  5.  5. 10. 10. 14. 14. 11. 11. 15. 15.],True
71,4,"[4, 5, 6, 7]","[[0, 1], [2, 3], [0, 5], [1, 6]]","['AND', 'OR', 'AND', 'AND']","(1, 0, 1, 0)",[ 0.  0.  4.  4.  1.  1.  5.  5.  0.  0.  6.  6.  9.  9. 15. 15.],False
72,4,"[4, 5, 6, 7]","[[0, 1], [2, 3], [0, 5], [1, 6]]","['AND', 'OR', 'AND', 'AND']","(1, 0, 0, 0)",[ 0.  0.  4.  4.  1.  1.  5.  5.  2.  2.  6.  6. 11. 11. 15. 15.],False
73,4,"[4, 5, 6, 7]","[[0, 1], [2, 3], [0, 5], [1, 6]]","['AND', 'OR', 'AND', 'AND']","(1, 1, 0, 0)",[ 0.  0.  0.  4.  1.  1.  1.  5.  2.  2.  2.  6. 11. 11. 11. 15.],False
74,4,"[4, 5, 6, 7]","[[0, 1], [2, 3], [0, 5], [1, 6]]","['AND', 'OR', 'AND', 'AND']","(0, 0, 1, 1)",[ 0.  0.  4.  4.  0.  0.  4.  4.  8.  8. 14. 14.  8.  8. 15. 15.],False
75,4,"[4, 5, 6, 7]","[[0, 1], [2, 3], [0, 5], [1, 6]]","['AND', 'OR', 'AND', 'AND']","(1, 0, 0, 1)",[ 0.  0.  4.  4.  0.  0.  4.  4.  2.  2.  6.  6. 11. 11. 15. 15.],False
76,4,"[4, 5, 6, 7]","[[0, 1], [2, 3], [0, 5], [1, 6]]","['AND', 'OR', 'AND', 'AND']","(0, 1, 0, 1)",[ 0.  0.  0.  4.  0.  0.  0.  4. 10. 10. 10. 14. 11. 11. 11. 15.],False
77,4,"[4, 5, 6, 7]","[[0, 1], [2, 3], [0, 5], [1, 6]]","['AND', 'OR', 'AND', 'AND']","(1, 1, 0, 1)",[ 0.  0.  0.  4.  0.  0.  0.  4.  2.  2.  2.  6. 11. 11. 11. 15.],False
78,4,"[4, 5, 6, 7]","[[0, 1], [2, 3], [0, 5], [1, 6]]","['AND', 'OR', 'AND', 'AND']","(1, 1, 1, 1)",[ 0.  0.  0.  4.  0.  0.  0.  4.  0.  0.  0.  6.  8.  8.  8. 15.],False
79,4,"[4, 5, 6, 7]","[[0, 1], [2, 3], [0, 5], [1, 6]]","['AND', 'OR', 'AND', 'AND']","(0, 1, 1, 1)",[ 0.  0.  0.  4.  0.  0.  0.  4.  8.  8.  8. 14.  8.  8.  8. 15.],False
80,4,"[4, 5, 6, 7]","[[0, 1], [2, 3], [0, 5], [1, 6]]","['AND', 'OR', 'AND', 'OR']","(0, 0, 1, 1)",[ 0.  0.  4.  4.  0.  0.  4.  4.  8.  8. 14. 14.  8.  8. 15. 15.],True
81,4,"[4, 5, 6, 7]","[[0, 1], [2, 3], [0, 5], [1, 6]]","['AND', 'OR', 'AND', 'OR']","(0, 0, 0, 1)",[ 0.  0.  4.  4.  0.  0.  4.  4. 10. 10. 14. 14. 11. 11. 15. 15.],False
82,4,"[4, 5, 6, 7]","[[0, 1], [2, 3], [0, 5], [1, 6]]","['AND', 'OR', 'AND', 'OR']","(1, 1, 0, 0)",[ 0.  0.  0.  4.  1.  1.  1.  5.  2.  2.  2.  6. 11. 11. 11. 15.],False
83,4,"[4, 5, 6, 7]","[[0, 1], [2, 3], [0, 5], [1, 6]]","['AND', 'OR', 'AND', 'OR']","(0, 1, 1, 1)",[ 0.  0.  0.  4.  0.  0.  0.  4.  8.  8.  8. 14.  8.  8.  8. 15.],True
84,4,"[4, 5, 6, 7]","[[0, 1], [2, 3], [0, 5], [1, 6]]","['AND', 'OR', 'AND', 'OR']","(0, 1, 0, 1)",[ 0.  0.  0.  4.  0.  0.  0.  4. 10. 10. 10. 14. 11. 11. 11. 15.],False
85,4,"[4, 5, 6, 7]","[[0, 1], [2, 3], [0, 5], [1, 6]]","['AND', 'OR', 'AND', 'OR']","(1, 0, 0, 1)",[ 0.  0.  4.  4.  0.  0.  4.  4.  2.  2.  6.  6. 11. 11. 15. 15.],False
86,4,"[4, 5, 6, 7]","[[0, 1], [2, 3], [0, 5], [1, 6]]","['AND', 'OR', 'AND', 'OR']","(1, 1, 1, 0)",[ 0.  0.  0.  4.  1.  1.  1.  5.  0.  0.  0.  6.  9.  9.  9. 15.],True
87,4,"[4, 5, 6, 7]","[[0, 1], [2, 3], [0, 5], [1, 6]]","['AND', 'OR', 'AND', 'OR']","(1, 0, 0, 0)",[ 0.  0.  4.  4.  1.  1.  5.  5.  2.  2.  6.  6. 11. 11. 15. 15.],False
88,4,"[4, 5, 6, 7]","[[0, 1], [2, 3], [0, 5], [1, 6]]","['AND', 'OR', 'AND', 'OR']","(1, 0, 1, 0)",[ 0.  0.  4.  4.  1.  1.  5.  5.  0.  0.  6.  6.  9.  9. 15. 15.],False
89,4,"[4, 5, 6, 7]","[[0, 1], [2, 3], [0, 5], [1, 6]]","['AND', 'OR', 'AND', 'OR']","(1, 1, 1, 1)",[ 0.  0.  0.  4.  0.  0.  0.  4.  0.  0.  0.  6.  8.  8.  8. 15.],True
90,4,"[4, 5, 6, 7]","[[0, 1], [2, 3], [0, 5], [1, 6]]","['AND', 'OR', 'AND', 'OR']","(0, 0, 0, 0)",[ 0.  0.  4.  4.  1.  1.  5.  5. 10. 10. 14. 14. 11. 11. 15. 15.],False
91,4,"[4, 5, 6, 7]","[[0, 1], [2, 3], [0, 5], [1, 6]]","['AND', 'OR', 'AND', 'OR']","(1, 0, 1, 1)",[ 0.  0.  4.  4.  0.  0.  4.  4.  0.  0.  6.  6.  8.  8. 15. 15.],False
92,4,"[4, 5, 6, 7]","[[0, 1], [2, 3], [0, 5], [1, 6]]","['AND', 'OR', 'AND', 'OR']","(1, 1, 0, 1)",[ 0.  0.  0.  4.  0.  0.  0.  4.  2.  2.  2.  6. 11. 11. 11. 15.],False
93,4,"[4, 5, 6, 7]","[[0, 1], [2, 3], [0, 5], [1, 6]]","['AND', 'OR', 'AND', 'OR']","(0, 0, 1, 0)",[ 0.  0.  4.  4.  1.  1.  5.  5.  8.  8. 14. 14.  9.  9. 15. 15.],False
94,4,"[4, 5, 6, 7]","[[0, 1], [2, 3], [0, 5], [1, 6]]","['AND', 'OR', 'AND', 'OR']","(0, 1, 1, 0)",[ 0.  0.  0.  4.  1.  1.  1.  5.  8.  8.  8. 14.  9.  9.  9. 15.],False
95,4,"[4, 5, 6, 7]","[[0, 1], [2, 3], [0, 5], [1, 6]]","['AND', 'OR', 'AND', 'OR']","(0, 1, 0, 0)",[ 0.  0.  0.  4.  1.  1.  1.  5. 10. 10. 10. 14. 11. 11. 11. 15.],False
96,4,"[4, 5, 6, 7]","[[0, 1], [2, 3], [0, 5], [1, 6]]","['AND', 'OR', 'OR', 'AND']","(0, 1, 0, 0)",[ 0.  0.  0.  4.  1.  1.  1.  5. 10. 10. 10. 14. 11. 11. 11. 15.],True
97,4,"[4, 5, 6, 7]","[[0, 1], [2, 3], [0, 5], [1, 6]]","['AND', 'OR', 'OR', 'AND']","(1, 1, 1, 0)",[ 0.  0.  0.  4.  1.  1.  1.  5.  0.  0.  0.  6.  9.  9.  9. 15.],False
98,4,"[4, 5, 6, 7]","[[0, 1], [2, 3], [0, 5], [1, 6]]","['AND', 'OR', 'OR', 'AND']","(0, 0, 0, 1)",[ 0.  0.  4.  4.  0.  0.  4.  4. 10. 10. 14. 14. 11. 11. 15. 15.],False
99,4,"[4, 5, 6, 7]","[[0, 1], [2, 3], [0, 5], [1, 6]]","['AND', 'OR', 'OR', 'AND']","(1, 0, 0, 0)",[ 0.  0.  4.  4.  1.  1.  5.  5.  2.  2.  6.  6. 11. 11. 15. 15.],False
100,4,"[4, 5, 6, 7]","[[0, 1], [2, 3], [0, 5], [1, 6]]","['AND', 'OR', 'OR', 'AND']","(1, 0, 1, 1)",[ 0.  0.  4.  4.  0.  0.  4.  4.  0.  0.  6.  6.  8.  8. 15. 15.],False
101,4,"[4, 5, 6, 7]","[[0, 1], [2, 3], [0, 5], [1, 6]]","['AND', 'OR', 'OR', 'AND']","(0, 0, 0, 0)",[ 0.  0.  4.  4.  1.  1.  5.  5. 10. 10. 14. 14. 11. 11. 15. 15.],True
102,4,"[4, 5, 6, 7]","[[0, 1], [2, 3], [0, 5], [1, 6]]","['AND', 'OR', 'OR', 'AND']","(1, 0, 1, 0)",[ 0.  0.  4.  4.  1.  1.  5.  5.  0.  0.  6.  6.  9.  9. 15. 15.],False
103,4,"[4, 5, 6, 7]","[[0, 1], [2, 3], [0, 5], [1, 6]]","['AND', 'OR', 'OR', 'AND']","(0, 1, 1, 0)",[ 0.  0.  0.  4.  1.  1.  1.  5.  8.  8.  8. 14.  9.  9.  9. 15.],False
104,4,"[4, 5, 6, 7]","[[0, 1], [2, 3], [0, 5], [1, 6]]","['AND', 'OR', 'OR', 'AND']","(0, 1, 1, 1)",[ 0.  0.  0.  4.  0.  0.  0.  4.  8.  8.  8. 14.  8.  8.  8. 15.],False
105,4,"[4, 5, 6, 7]","[[0, 1], [2, 3], [0, 5], [1, 6]]","['AND', 'OR', 'OR', 'AND']","(0, 0, 1, 0)",[ 0.  0.  4.  4.  1.  1.  5.  5.  8.  8. 14. 14.  9.  9. 15. 15.],False
106,4,"[4, 5, 6, 7]","[[0, 1], [2, 3], [0, 5], [1, 6]]","['AND', 'OR', 'OR', 'AND']","(0, 0, 1, 1)",[ 0.  0.  4.  4.  0.  0.  4.  4.  8.  8. 14. 14.  8.  8. 15. 15.],False
107,4,"[4, 5, 6, 7]","[[0, 1], [2, 3], [0, 5], [1, 6]]","['AND', 'OR', 'OR', 'AND']","(1, 1, 1, 1)",[ 0.  0.  0.  4.  0.  0.  0.  4.  0.  0.  0.  6.  8.  8.  8. 15.],False
108,4,"[4, 5, 6, 7]","[[0, 1], [2, 3], [0, 5], [1, 6]]","['AND', 'OR', 'OR', 'AND']","(1, 1, 0, 1)",[ 0.  0.  0.  4.  0.  0.  0.  4.  2.  2.  2.  6. 11. 11. 11. 15.],False
109,4,"[4, 5, 6, 7]","[[0, 1], [2, 3], [0, 5], [1, 6]]","['AND', 'OR', 'OR', 'AND']","(1, 1, 0, 0)",[ 0.  0.  0.  4.  1.  1.  1.  5.  2.  2.  2.  6. 11. 11. 11. 15.],False
110,4,"[4, 5, 6, 7]","[[0, 1], [2, 3], [0, 5], [1, 6]]","['AND', 'OR', 'OR', 'AND']","(1, 0, 0, 1)",[ 0.  0.  4.  4.  0.  0.  4.  4.  2.  2.  6.  6. 11. 11. 15. 15.],False
111,4,"[4, 5, 6, 7]","[[0, 1], [2, 3], [0, 5], [1, 6]]","['AND', 'OR', 'OR', 'AND']","(0, 1, 0, 1)",[ 0.  0.  0.  4.  0.  0.  0.  4. 10. 10. 10. 14. 11. 11. 11. 15.],False
112,4,"[4, 5, 6, 7]","[[0, 1], [2, 3], [0, 5], [1, 6]]","['AND', 'OR', 'OR', 'OR']","(1, 1, 0, 0)",[ 0.  0.  0.  4.  1.  1.  1.  5.  2.  2.  2.  6. 11. 11. 11. 15.],False
113,4,"[4, 5, 6, 7]","[[0, 1], [2, 3], [0, 5], [1, 6]]","['AND', 'OR', 'OR', 'OR']","(1, 1, 1, 1)",[ 0.  0.  0.  4.  0.  0.  0.  4.  0.  0.  0.  6.  8.  8.  8. 15.],False
114,4,"[4, 5, 6, 7]","[[0, 1], [2, 3], [0, 5], [1, 6]]","['AND', 'OR', 'OR', 'OR']","(1, 0, 1, 1)",[ 0.  0.  4.  4.  0.  0.  4.  4.  0.  0.  6.  6.  8.  8. 15. 15.],False
115,4,"[4, 5, 6, 7]","[[0, 1], [2, 3], [0, 5], [1, 6]]","['AND', 'OR', 'OR', 'OR']","(1, 1, 1, 0)",[ 0.  0.  0.  4.  1.  1.  1.  5.  0.  0.  0.  6.  9.  9.  9. 15.],False
116,4,"[4, 5, 6, 7]","[[0, 1], [2, 3], [0, 5], [1, 6]]","['AND', 'OR', 'OR', 'OR']","(0, 1, 0, 1)",[ 0.  0.  0.  4.  0.  0.  0.  4. 10. 10. 10. 14. 11. 11. 11. 15.],False
117,4,"[4, 5, 6, 7]","[[0, 1], [2, 3], [0, 5], [1, 6]]","['AND', 'OR', 'OR', 'OR']","(1, 1, 0, 1)",[ 0.  0.  0.  4.  0.  0.  0.  4.  2.  2.  2.  6. 11. 11. 11. 15.],False
118,4,"[4, 5, 6, 7]","[[0, 1], [2, 3], [0, 5], [1, 6]]","['AND', 'OR', 'OR', 'OR']","(0, 1, 1, 1)",[ 0.  0.  0.  4.  0.  0.  0.  4.  8.  8.  8. 14.  8.  8.  8. 15.],False
119,4,"[4, 5, 6, 7]","[[0, 1], [2, 3], [0, 5], [1, 6]]","['AND', 'OR', 'OR', 'OR']","(0, 1, 1, 0)",[ 0.  0.  0.  4.  1.  1.  1.  5.  8.  8.  8. 14.  9.  9.  9. 15.],True
120,4,"[4, 5, 6, 7]","[[0, 1], [2, 3], [0, 5], [1, 6]]","['AND', 'OR', 'OR', 'OR']","(0, 1, 0, 0)",[ 0.  0.  0.  4.  1.  1.  1.  5. 10. 10. 10. 14. 11. 11. 11. 15.],True
121,4,"[4, 5, 6, 7]","[[0, 1], [2, 3], [0, 5], [1, 6]]","['AND', 'OR', 'OR', 'OR']","(1, 0, 1, 0)",[ 0.  0.  4.  4.  1.  1.  5.  5.  0.  0.  6.  6.  9.  9. 15. 15.],False
122,4,"[4, 5, 6, 7]","[[0, 1], [2, 3], [0, 5], [1, 6]]","['AND', 'OR', 'OR', 'OR']","(0, 0, 1, 0)",[ 0.  0.  4.  4.  1.  1.  5.  5.  8.  8. 14. 14.  9.  9. 15. 15.],True
123,4,"[4, 5, 6, 7]","[[0, 1], [2, 3], [0, 5], [1, 6]]","['AND', 'OR', 'OR', 'OR']","(0, 0, 0, 0)",[ 0.  0.  4.  4.  1.  1.  5.  5. 10. 10. 14. 14. 11. 11. 15. 15.],True
124,4,"[4, 5, 6, 7]","[[0, 1], [2, 3], [0, 5], [1, 6]]","['AND', 'OR', 'OR', 'OR']","(1, 0, 0, 0)",[ 0.  0.  4.  4.  1.  1.  5.  5.  2.  2.  6.  6. 11. 11. 15. 15.],False
125,4,"[4, 5, 6, 7]","[[0, 1], [2, 3], [0, 5], [1, 6]]","['AND', 'OR', 'OR', 'OR']","(0, 0, 1, 1)",[ 0.  0.  4.  4.  0.  0.  4.  4.  8.  8. 14. 14.  8.  8. 15. 15.],False
126,4,"[4, 5, 6, 7]","[[0, 1], [2, 3], [0, 5], [1, 6]]","['AND', 'OR', 'OR', 'OR']","(1, 0, 0, 1)",[ 0.  0.  4.  4.  0.  0.  4.  4.  2.  2.  6.  6. 11. 11. 15. 15.],False
127,4,"[4, 5, 6, 7]","[[0, 1], [2, 3], [0, 5], [1, 6]]","['AND', 'OR', 'OR', 'OR']","(0, 0, 0, 1)",[ 0.  0.  4.  4.  0.  0.  4.  4. 10. 10. 14. 14. 11. 11. 15. 15.],False
128,4,"[4, 5, 6, 7]","[[0, 1], [2, 3], [0, 5], [1, 6]]","['OR', 'AND', 'AND', 'AND']","(1, 1, 0, 1)",[ 0.  0.  0.  4.  0.  0.  0.  4.  2.  2.  2.  6. 11. 11. 11. 15.],True
129,4,"[4, 5, 6, 7]","[[0, 1], [2, 3], [0, 5], [1, 6]]","['OR', 'AND', 'AND', 'AND']","(0, 0, 0, 0)",[ 0.  0.  4.  4.  1.  1.  5.  5. 10. 10. 14. 14. 11. 11. 15. 15.],False
130,4,"[4, 5, 6, 7]","[[0, 1], [2, 3], [0, 5], [1, 6]]","['OR', 'AND', 'AND', 'AND']","(1, 1, 1, 0)",[ 0.  0.  0.  4.  1.  1.  1.  5.  0.  0.  0.  6.  9.  9.  9. 15.],True
131,4,"[4, 5, 6, 7]","[[0, 1], [2, 3], [0, 5], [1, 6]]","['OR', 'AND', 'AND', 'AND']","(0, 1, 0, 0)",[ 0.  0.  0.  4.  1.  1.  1.  5. 10. 10. 10. 14. 11. 11. 11. 15.],False
132,4,"[4, 5, 6, 7]","[[0, 1], [2, 3], [0, 5], [1, 6]]","['OR', 'AND', 'AND', 'AND']","(0, 1, 1, 0)",[ 0.  0.  0.  4.  1.  1.  1.  5.  8.  8.  8. 14.  9.  9.  9. 15.],True
133,4,"[4, 5, 6, 7]","[[0, 1], [2, 3], [0, 5], [1, 6]]","['OR', 'AND', 'AND', 'AND']","(1, 1, 0, 0)",[ 0.  0.  0.  4.  1.  1.  1.  5.  2.  2.  2.  6. 11. 11. 11. 15.],False
134,4,"[4, 5, 6, 7]","[[0, 1], [2, 3], [0, 5], [1, 6]]","['OR', 'AND', 'AND', 'AND']","(1, 1, 1, 1)",[ 0.  0.  0.  4.  0.  0.  0.  4.  0.  0.  0.  6.  8.  8.  8. 15.],True
135,4,"[4, 5, 6, 7]","[[0, 1], [2, 3], [0, 5], [1, 6]]","['OR', 'AND', 'AND', 'AND']","(1, 0, 1, 1)",[ 0.  0.  4.  4.  0.  0.  4.  4.  0.  0.  6.  6.  8.  8. 15. 15.],False
136,4,"[4, 5, 6, 7]","[[0, 1], [2, 3], [0, 5], [1, 6]]","['OR', 'AND', 'AND', 'AND']","(1, 0, 0, 0)",[ 0.  0.  4.  4.  1.  1.  5.  5.  2.  2.  6.  6. 11. 11. 15. 15.],False
137,4,"[4, 5, 6, 7]","[[0, 1], [2, 3], [0, 5], [1, 6]]","['OR', 'AND', 'AND', 'AND']","(0, 0, 0, 1)",[ 0.  0.  4.  4.  0.  0.  4.  4. 10. 10. 14. 14. 11. 11. 15. 15.],False
138,4,"[4, 5, 6, 7]","[[0, 1], [2, 3], [0, 5], [1, 6]]","['OR', 'AND', 'AND', 'AND']","(0, 1, 0, 1)",[ 0.  0.  0.  4.  0.  0.  0.  4. 10. 10. 10. 14. 11. 11. 11. 15.],False
139,4,"[4, 5, 6, 7]","[[0, 1], [2, 3], [0, 5], [1, 6]]","['OR', 'AND', 'AND', 'AND']","(0, 1, 1, 1)",[ 0.  0.  0.  4.  0.  0.  0.  4.  8.  8.  8. 14.  8.  8.  8. 15.],True
140,4,"[4, 5, 6, 7]","[[0, 1], [2, 3], [0, 5], [1, 6]]","['OR', 'AND', 'AND', 'AND']","(0, 0, 1, 1)",[ 0.  0.  4.  4.  0.  0.  4.  4.  8.  8. 14. 14.  8.  8. 15. 15.],False
141,4,"[4, 5, 6, 7]","[[0, 1], [2, 3], [0, 5], [1, 6]]","['OR', 'AND', 'AND', 'AND']","(1, 0, 1, 0)",[ 0.  0.  4.  4.  1.  1.  5.  5.  0.  0.  6.  6.  9.  9. 15. 15.],False
142,4,"[4, 5, 6, 7]","[[0, 1], [2, 3], [0, 5], [1, 6]]","['OR', 'AND', 'AND', 'AND']","(1, 0, 0, 1)",[ 0.  0.  4.  4.  0.  0.  4.  4.  2.  2.  6.  6. 11. 11. 15. 15.],False
143,4,"[4, 5, 6, 7]","[[0, 1], [2, 3], [0, 5], [1, 6]]","['OR', 'AND', 'AND', 'AND']","(0, 0, 1, 0)",[ 0.  0.  4.  4.  1.  1.  5.  5.  8.  8. 14. 14.  9.  9. 15. 15.],False
144,4,"[4, 5, 6, 7]","[[0, 1], [2, 3], [0, 5], [1, 6]]","['OR', 'AND', 'AND', 'OR']","(1, 1, 0, 1)",[ 0.  0.  0.  4.  0.  0.  0.  4.  2.  2.  2.  6. 11. 11. 11. 15.],False
145,4,"[4, 5, 6, 7]","[[0, 1], [2, 3], [0, 5], [1, 6]]","['OR', 'AND', 'AND', 'OR']","(1, 0, 1, 1)",[ 0.  0.  4.  4.  0.  0.  4.  4.  0.  0.  6.  6.  8.  8. 15. 15.],False
146,4,"[4, 5, 6, 7]","[[0, 1], [2, 3], [0, 5], [1, 6]]","['OR', 'AND', 'AND', 'OR']","(0, 1, 0, 0)",[ 0.  0.  0.  4.  1.  1.  1.  5. 10. 10. 10. 14. 11. 11. 11. 15.],True
147,4,"[4, 5, 6, 7]","[[0, 1], [2, 3], [0, 5], [1, 6]]","['OR', 'AND', 'AND', 'OR']","(1, 0, 1, 0)",[ 0.  0.  4.  4.  1.  1.  5.  5.  0.  0.  6.  6.  9.  9. 15. 15.],False
148,4,"[4, 5, 6, 7]","[[0, 1], [2, 3], [0, 5], [1, 6]]","['OR', 'AND', 'AND', 'OR']","(0, 1, 1, 0)",[ 0.  0.  0.  4.  1.  1.  1.  5.  8.  8.  8. 14.  9.  9.  9. 15.],False
149,4,"[4, 5, 6, 7]","[[0, 1], [2, 3], [0, 5], [1, 6]]","['OR', 'AND', 'AND', 'OR']","(1, 0, 0, 1)",[ 0.  0.  4.  4.  0.  0.  4.  4.  2.  2.  6.  6. 11. 11. 15. 15.],False
150,4,"[4, 5, 6, 7]","[[0, 1], [2, 3], [0, 5], [1, 6]]","['OR', 'AND', 'AND', 'OR']","(1, 1, 0, 0)",[ 0.  0.  0.  4.  1.  1.  1.  5.  2.  2.  2.  6. 11. 11. 11. 15.],False
151,4,"[4, 5, 6, 7]","[[0, 1], [2, 3], [0, 5], [1, 6]]","['OR', 'AND', 'AND', 'OR']","(1, 1, 1, 0)",[ 0.  0.  0.  4.  1.  1.  1.  5.  0.  0.  0.  6.  9.  9.  9. 15.],False
152,4,"[4, 5, 6, 7]","[[0, 1], [2, 3], [0, 5], [1, 6]]","['OR', 'AND', 'AND', 'OR']","(0, 0, 1, 1)",[ 0.  0.  4.  4.  0.  0.  4.  4.  8.  8. 14. 14.  8.  8. 15. 15.],False
153,4,"[4, 5, 6, 7]","[[0, 1], [2, 3], [0, 5], [1, 6]]","['OR', 'AND', 'AND', 'OR']","(0, 1, 1, 1)",[ 0.  0.  0.  4.  0.  0.  0.  4.  8.  8.  8. 14.  8.  8.  8. 15.],False
154,4,"[4, 5, 6, 7]","[[0, 1], [2, 3], [0, 5], [1, 6]]","['OR', 'AND', 'AND', 'OR']","(0, 1, 0, 1)",[ 0.  0.  0.  4.  0.  0.  0.  4. 10. 10. 10. 14. 11. 11. 11. 15.],False
155,4,"[4, 5, 6, 7]","[[0, 1], [2, 3], [0, 5], [1, 6]]","['OR', 'AND', 'AND', 'OR']","(1, 0, 0, 0)",[ 0.  0.  4.  4.  1.  1.  5.  5.  2.  2.  6.  6. 11. 11. 15. 15.],False
156,4,"[4, 5, 6, 7]","[[0, 1], [2, 3], [0, 5], [1, 6]]","['OR', 'AND', 'AND', 'OR']","(0, 0, 1, 0)",[ 0.  0.  4.  4.  1.  1.  5.  5.  8.  8. 14. 14.  9.  9. 15. 15.],True
157,4,"[4, 5, 6, 7]","[[0, 1], [2, 3], [0, 5], [1, 6]]","['OR', 'AND', 'AND', 'OR']","(0, 0, 0, 1)",[ 0.  0.  4.  4.  0.  0.  4.  4. 10. 10. 14. 14. 11. 11. 15. 15.],True
158,4,"[4, 5, 6, 7]","[[0, 1], [2, 3], [0, 5], [1, 6]]","['OR', 'AND', 'AND', 'OR']","(0, 0, 0, 0)",[ 0.  0.  4.  4.  1.  1.  5.  5. 10. 10. 14. 14. 11. 11. 15. 15.],True
159,4,"[4, 5, 6, 7]","[[0, 1], [2, 3], [0, 5], [1, 6]]","['OR', 'AND', 'AND', 'OR']","(1, 1, 1, 1)",[ 0.  0.  0.  4.  0.  0.  0.  4.  0.  0.  0.  6.  8.  8.  8. 15.],False
160,4,"[4, 5, 6, 7]","[[0, 1], [2, 3], [0, 5], [1, 6]]","['OR', 'AND', 'OR', 'AND']","(1, 0, 0, 0)",[ 0.  0.  4.  4.  1.  1.  5.  5.  2.  2.  6.  6. 11. 11. 15. 15.],False
161,4,"[4, 5, 6, 7]","[[0, 1], [2, 3], [0, 5], [1, 6]]","['OR', 'AND', 'OR', 'AND']","(0, 0, 1, 1)",[ 0.  0.  4.  4.  0.  0.  4.  4.  8.  8. 14. 14.  8.  8. 15. 15.],True
162,4,"[4, 5, 6, 7]","[[0, 1], [2, 3], [0, 5], [1, 6]]","['OR', 'AND', 'OR', 'AND']","(1, 0, 1, 1)",[ 0.  0.  4.  4.  0.  0.  4.  4.  0.  0.  6.  6.  8.  8. 15. 15.],True
163,4,"[4, 5, 6, 7]","[[0, 1], [2, 3], [0, 5], [1, 6]]","['OR', 'AND', 'OR', 'AND']","(1, 1, 0, 0)",[ 0.  0.  0.  4.  1.  1.  1.  5.  2.  2.  2.  6. 11. 11. 11. 15.],False
164,4,"[4, 5, 6, 7]","[[0, 1], [2, 3], [0, 5], [1, 6]]","['OR', 'AND', 'OR', 'AND']","(0, 0, 0, 0)",[ 0.  0.  4.  4.  1.  1.  5.  5. 10. 10. 14. 14. 11. 11. 15. 15.],False
165,4,"[4, 5, 6, 7]","[[0, 1], [2, 3], [0, 5], [1, 6]]","['OR', 'AND', 'OR', 'AND']","(0, 0, 1, 0)",[ 0.  0.  4.  4.  1.  1.  5.  5.  8.  8. 14. 14.  9.  9. 15. 15.],False
166,4,"[4, 5, 6, 7]","[[0, 1], [2, 3], [0, 5], [1, 6]]","['OR', 'AND', 'OR', 'AND']","(0, 0, 0, 1)",[ 0.  0.  4.  4.  0.  0.  4.  4. 10. 10. 14. 14. 11. 11. 15. 15.],True
167,4,"[4, 5, 6, 7]","[[0, 1], [2, 3], [0, 5], [1, 6]]","['OR', 'AND', 'OR', 'AND']","(0, 1, 0, 0)",[ 0.  0.  0.  4.  1.  1.  1.  5. 10. 10. 10. 14. 11. 11. 11. 15.],False
168,4,"[4, 5, 6, 7]","[[0, 1], [2, 3], [0, 5], [1, 6]]","['OR', 'AND', 'OR', 'AND']","(1, 1, 1, 1)",[ 0.  0.  0.  4.  0.  0.  0.  4.  0.  0.  0.  6.  8.  8.  8. 15.],True
169,4,"[4, 5, 6, 7]","[[0, 1], [2, 3], [0, 5], [1, 6]]","['OR', 'AND', 'OR', 'AND']","(0, 1, 1, 0)",[ 0.  0.  0.  4.  1.  1.  1.  5.  8.  8.  8. 14.  9.  9.  9. 15.],False
170,4,"[4, 5, 6, 7]","[[0, 1], [2, 3], [0, 5], [1, 6]]","['OR', 'AND', 'OR', 'AND']","(0, 1, 1, 1)",[ 0.  0.  0.  4.  0.  0.  0.  4.  8.  8.  8. 14.  8.  8.  8. 15.],True
171,4,"[4, 5, 6, 7]","[[0, 1], [2, 3], [0, 5], [1, 6]]","['OR', 'AND', 'OR', 'AND']","(0, 1, 0, 1)",[ 0.  0.  0.  4.  0.  0.  0.  4. 10. 10. 10. 14. 11. 11. 11. 15.],False
172,4,"[4, 5, 6, 7]","[[0, 1], [2, 3], [0, 5], [1, 6]]","['OR', 'AND', 'OR', 'AND']","(1, 1, 1, 0)",[ 0.  0.  0.  4.  1.  1.  1.  5.  0.  0.  0.  6.  9.  9.  9. 15.],False
173,4,"[4, 5, 6, 7]","[[0, 1], [2, 3], [0, 5], [1, 6]]","['OR', 'AND', 'OR', 'AND']","(1, 0, 1, 0)",[ 0.  0.  4.  4.  1.  1.  5.  5.  0.  0.  6.  6.  9.  9. 15. 15.],False
174,4,"[4, 5, 6, 7]","[[0, 1], [2, 3], [0, 5], [1, 6]]","['OR', 'AND', 'OR', 'AND']","(1, 0, 0, 1)",[ 0.  0.  4.  4.  0.  0.  4.  4.  2.  2.  6.  6. 11. 11. 15. 15.],False
175,4,"[4, 5, 6, 7]","[[0, 1], [2, 3], [0, 5], [1, 6]]","['OR', 'AND', 'OR', 'AND']","(1, 1, 0, 1)",[ 0.  0.  0.  4.  0.  0.  0.  4.  2.  2.  2.  6. 11. 11. 11. 15.],False
176,4,"[4, 5, 6, 7]","[[0, 1], [2, 3], [0, 5], [1, 6]]","['OR', 'AND', 'OR', 'OR']","(0, 0, 1, 0)",[ 0.  0.  4.  4.  1.  1.  5.  5.  8.  8. 14. 14.  9.  9. 15. 15.],False
177,4,"[4, 5, 6, 7]","[[0, 1], [2, 3], [0, 5], [1, 6]]","['OR', 'AND', 'OR', 'OR']","(0, 1, 1, 0)",[ 0.  0.  0.  4.  1.  1.  1.  5.  8.  8.  8. 14.  9.  9.  9. 15.],False
178,4,"[4, 5, 6, 7]","[[0, 1], [2, 3], [0, 5], [1, 6]]","['OR', 'AND', 'OR', 'OR']","(0, 0, 0, 0)",[ 0.  0.  4.  4.  1.  1.  5.  5. 10. 10. 14. 14. 11. 11. 15. 15.],True
179,4,"[4, 5, 6, 7]","[[0, 1], [2, 3], [0, 5], [1, 6]]","['OR', 'AND', 'OR', 'OR']","(0, 1, 1, 1)",[ 0.  0.  0.  4.  0.  0.  0.  4.  8.  8.  8. 14.  8.  8.  8. 15.],False
180,4,"[4, 5, 6, 7]","[[0, 1], [2, 3], [0, 5], [1, 6]]","['OR', 'AND', 'OR', 'OR']","(0, 1, 0, 0)",[ 0.  0.  0.  4.  1.  1.  1.  5. 10. 10. 10. 14. 11. 11. 11. 15.],False
181,4,"[4, 5, 6, 7]","[[0, 1], [2, 3], [0, 5], [1, 6]]","['OR', 'AND', 'OR', 'OR']","(1, 0, 0, 1)",[ 0.  0.  4.  4.  0.  0.  4.  4.  2.  2.  6.  6. 11. 11. 15. 15.],False
182,4,"[4, 5, 6, 7]","[[0, 1], [2, 3], [0, 5], [1, 6]]","['OR', 'AND', 'OR', 'OR']","(1, 0, 0, 0)",[ 0.  0.  4.  4.  1.  1.  5.  5.  2.  2.  6.  6. 11. 11. 15. 15.],True
183,4,"[4, 5, 6, 7]","[[0, 1], [2, 3], [0, 5], [1, 6]]","['OR', 'AND', 'OR', 'OR']","(1, 1, 0, 1)",[ 0.  0.  0.  4.  0.  0.  0.  4.  2.  2.  2.  6. 11. 11. 11. 15.],False
184,4,"[4, 5, 6, 7]","[[0, 1], [2, 3], [0, 5], [1, 6]]","['OR', 'AND', 'OR', 'OR']","(1, 0, 1, 0)",[ 0.  0.  4.  4.  1.  1.  5.  5.  0.  0.  6.  6.  9.  9. 15. 15.],False
185,4,"[4, 5, 6, 7]","[[0, 1], [2, 3], [0, 5], [1, 6]]","['OR', 'AND', 'OR', 'OR']","(0, 0, 0, 1)",[ 0.  0.  4.  4.  0.  0.  4.  4. 10. 10. 14. 14. 11. 11. 15. 15.],False
186,4,"[4, 5, 6, 7]","[[0, 1], [2, 3], [0, 5], [1, 6]]","['OR', 'AND', 'OR', 'OR']","(1, 0, 1, 1)",[ 0.  0.  4.  4.  0.  0.  4.  4.  0.  0.  6.  6.  8.  8. 15. 15.],False
187,4,"[4, 5, 6, 7]","[[0, 1], [2, 3], [0, 5], [1, 6]]","['OR', 'AND', 'OR', 'OR']","(1, 1, 0, 0)",[ 0.  0.  0.  4.  1.  1.  1.  5.  2.  2.  2.  6. 11. 11. 11. 15.],False
188,4,"[4, 5, 6, 7]","[[0, 1], [2, 3], [0, 5], [1, 6]]","['OR', 'AND', 'OR', 'OR']","(0, 0, 1, 1)",[ 0.  0.  4.  4.  0.  0.  4.  4.  8.  8. 14. 14.  8.  8. 15. 15.],False
189,4,"[4, 5, 6, 7]","[[0, 1], [2, 3], [0, 5], [1, 6]]","['OR', 'AND', 'OR', 'OR']","(0, 1, 0, 1)",[ 0.  0.  0.  4.  0.  0.  0.  4. 10. 10. 10. 14. 11. 11. 11. 15.],False
190,4,"[4, 5, 6, 7]","[[0, 1], [2, 3], [0, 5], [1, 6]]","['OR', 'AND', 'OR', 'OR']","(1, 1, 1, 0)",[ 0.  0.  0.  4.  1.  1.  1.  5.  0.  0.  0.  6.  9.  9.  9. 15.],False
191,4,"[4, 5, 6, 7]","[[0, 1], [2, 3], [0, 5], [1, 6]]","['OR', 'OR', 'AND', 'AND']","(1, 0, 0, 1)",[ 0.  0.  4.  4.  0.  0.  4.  4.  2.  2.  6.  6. 11. 11. 15. 15.],True
192,4,"[4, 5, 6, 7]","[[0, 1], [2, 3], [0, 5], [1, 6]]","['OR', 'OR', 'AND', 'AND']","(1, 1, 0, 0)",[ 0.  0.  0.  4.  1.  1.  1.  5.  2.  2.  2.  6. 11. 11. 11. 15.],False
193,4,"[4, 5, 6, 7]","[[0, 1], [2, 3], [0, 5], [1, 6]]","['OR', 'OR', 'AND', 'AND']","(0, 1, 0, 1)",[ 0.  0.  0.  4.  0.  0.  0.  4. 10. 10. 10. 14. 11. 11. 11. 15.],True
194,4,"[4, 5, 6, 7]","[[0, 1], [2, 3], [0, 5], [1, 6]]","['OR', 'OR', 'AND', 'AND']","(1, 0, 1, 1)",[ 0.  0.  4.  4.  0.  0.  4.  4.  0.  0.  6.  6.  8.  8. 15. 15.],False
195,4,"[4, 5, 6, 7]","[[0, 1], [2, 3], [0, 5], [1, 6]]","['OR', 'OR', 'AND', 'AND']","(0, 0, 1, 0)",[ 0.  0.  4.  4.  1.  1.  5.  5.  8.  8. 14. 14.  9.  9. 15. 15.],False
196,4,"[4, 5, 6, 7]","[[0, 1], [2, 3], [0, 5], [1, 6]]","['OR', 'OR', 'AND', 'AND']","(1, 1, 1, 0)",[ 0.  0.  0.  4.  1.  1.  1.  5.  0.  0.  0.  6.  9.  9.  9. 15.],False
197,4,"[4, 5, 6, 7]","[[0, 1], [2, 3], [0, 5], [1, 6]]","['OR', 'OR', 'AND', 'AND']","(1, 0, 1, 0)",[ 0.  0.  4.  4.  1.  1.  5.  5.  0.  0.  6.  6.  9.  9. 15. 15.],False
198,4,"[4, 5, 6, 7]","[[0, 1], [2, 3], [0, 5], [1, 6]]","['OR', 'OR', 'AND', 'AND']","(0, 0, 1, 1)",[ 0.  0.  4.  4.  0.  0.  4.  4.  8.  8. 14. 14.  8.  8. 15. 15.],True
199,4,"[4, 5, 6, 7]","[[0, 1], [2, 3], [0, 5], [1, 6]]","['OR', 'OR', 'AND', 'AND']","(1, 1, 0, 1)",[ 0.  0.  0.  4.  0.  0.  0.  4.  2.  2.  2.  6. 11. 11. 11. 15.],False
200,4,"[4, 5, 6, 7]","[[0, 1], [2, 3], [0, 5], [1, 6]]","['OR', 'OR', 'AND', 'AND']","(0, 1, 1, 1)",[ 0.  0.  0.  4.  0.  0.  0.  4.  8.  8.  8. 14.  8.  8.  8. 15.],False
201,4,"[4, 5, 6, 7]","[[0, 1], [2, 3], [0, 5], [1, 6]]","['OR', 'OR', 'AND', 'AND']","(1, 1, 1, 1)",[ 0.  0.  0.  4.  0.  0.  0.  4.  0.  0.  0.  6.  8.  8.  8. 15.],False
202,4,"[4, 5, 6, 7]","[[0, 1], [2, 3], [0, 5], [1, 6]]","['OR', 'OR', 'AND', 'AND']","(0, 1, 0, 0)",[ 0.  0.  0.  4.  1.  1.  1.  5. 10. 10. 10. 14. 11. 11. 11. 15.],False
203,4,"[4, 5, 6, 7]","[[0, 1], [2, 3], [0, 5], [1, 6]]","['OR', 'OR', 'AND', 'AND']","(0, 1, 1, 0)",[ 0.  0.  0.  4.  1.  1.  1.  5.  8.  8.  8. 14.  9.  9.  9. 15.],False
204,4,"[4, 5, 6, 7]","[[0, 1], [2, 3], [0, 5], [1, 6]]","['OR', 'OR', 'AND', 'AND']","(0, 0, 0, 0)",[ 0.  0.  4.  4.  1.  1.  5.  5. 10. 10. 14. 14. 11. 11. 15. 15.],True
205,4,"[4, 5, 6, 7]","[[0, 1], [2, 3], [0, 5], [1, 6]]","['OR', 'OR', 'AND', 'AND']","(1, 0, 0, 0)",[ 0.  0.  4.  4.  1.  1.  5.  5.  2.  2.  6.  6. 11. 11. 15. 15.],False
206,4,"[4, 5, 6, 7]","[[0, 1], [2, 3], [0, 5], [1, 6]]","['OR', 'OR', 'AND', 'AND']","(0, 0, 0, 1)",[ 0.  0.  4.  4.  0.  0.  4.  4. 10. 10. 14. 14. 11. 11. 15. 15.],False
207,4,"[4, 5, 6, 7]","[[0, 1], [2, 3], [0, 5], [1, 6]]","['OR', 'OR', 'AND', 'OR']","(1, 1, 0, 0)",[ 0.  0.  0.  4.  1.  1.  1.  5.  2.  2.  2.  6. 11. 11. 11. 15.],False
208,4,"[4, 5, 6, 7]","[[0, 1], [2, 3], [0, 5], [1, 6]]","['OR', 'OR', 'AND', 'OR']","(0, 0, 0, 1)",[ 0.  0.  4.  4.  0.  0.  4.  4. 10. 10. 14. 14. 11. 11. 15. 15.],False
209,4,"[4, 5, 6, 7]","[[0, 1], [2, 3], [0, 5], [1, 6]]","['OR', 'OR', 'AND', 'OR']","(1, 1, 0, 1)",[ 0.  0.  0.  4.  0.  0.  0.  4.  2.  2.  2.  6. 11. 11. 11. 15.],False
210,4,"[4, 5, 6, 7]","[[0, 1], [2, 3], [0, 5], [1, 6]]","['OR', 'OR', 'AND', 'OR']","(0, 1, 1, 1)",[ 0.  0.  0.  4.  0.  0.  0.  4.  8.  8.  8. 14.  8.  8.  8. 15.],False
211,4,"[4, 5, 6, 7]","[[0, 1], [2, 3], [0, 5], [1, 6]]","['OR', 'OR', 'AND', 'OR']","(1, 0, 0, 0)",[ 0.  0.  4.  4.  1.  1.  5.  5.  2.  2.  6.  6. 11. 11. 15. 15.],False
212,4,"[4, 5, 6, 7]","[[0, 1], [2, 3], [0, 5], [1, 6]]","['OR', 'OR', 'AND', 'OR']","(1, 1, 1, 0)",[ 0.  0.  0.  4.  1.  1.  1.  5.  0.  0.  0.  6.  9.  9.  9. 15.],True
213,4,"[4, 5, 6, 7]","[[0, 1], [2, 3], [0, 5], [1, 6]]","['OR', 'OR', 'AND', 'OR']","(1, 0, 0, 1)",[ 0.  0.  4.  4.  0.  0.  4.  4.  2.  2.  6.  6. 11. 11. 15. 15.],False
214,4,"[4, 5, 6, 7]","[[0, 1], [2, 3], [0, 5], [1, 6]]","['OR', 'OR', 'AND', 'OR']","(0, 1, 1, 0)",[ 0.  0.  0.  4.  1.  1.  1.  5.  8.  8.  8. 14.  9.  9.  9. 15.],False
215,4,"[4, 5, 6, 7]","[[0, 1], [2, 3], [0, 5], [1, 6]]","['OR', 'OR', 'AND', 'OR']","(0, 0, 1, 0)",[ 0.  0.  4.  4.  1.  1.  5.  5.  8.  8. 14. 14.  9.  9. 15. 15.],False
216,4,"[4, 5, 6, 7]","[[0, 1], [2, 3], [0, 5], [1, 6]]","['OR', 'OR', 'AND', 'OR']","(0, 0, 1, 1)",[ 0.  0.  4.  4.  0.  0.  4.  4.  8.  8. 14. 14.  8.  8. 15. 15.],False
217,4,"[4, 5, 6, 7]","[[0, 1], [2, 3], [0, 5], [1, 6]]","['OR', 'OR', 'AND', 'OR']","(1, 0, 1, 0)",[ 0.  0.  4.  4.  1.  1.  5.  5.  0.  0.  6.  6.  9.  9. 15. 15.],False
218,4,"[4, 5, 6, 7]","[[0, 1], [2, 3], [0, 5], [1, 6]]","['OR', 'OR', 'AND', 'OR']","(1, 1, 1, 1)",[ 0.  0.  0.  4.  0.  0.  0.  4.  0.  0.  0.  6.  8.  8.  8. 15.],False
219,4,"[4, 5, 6, 7]","[[0, 1], [2, 3], [0, 5], [1, 6]]","['OR', 'OR', 'AND', 'OR']","(1, 0, 1, 1)",[ 0.  0.  4.  4.  0.  0.  4.  4.  0.  0.  6.  6.  8.  8. 15. 15.],False
220,4,"[4, 5, 6, 7]","[[0, 1], [2, 3], [0, 5], [1, 6]]","['OR', 'OR', 'AND', 'OR']","(0, 1, 0, 0)",[ 0.  0.  0.  4.  1.  1.  1.  5. 10. 10. 10. 14. 11. 11. 11. 15.],True
221,4,"[4, 5, 6, 7]","[[0, 1], [2, 3], [0, 5], [1, 6]]","['OR', 'OR', 'AND', 'OR']","(0, 0, 0, 0)",[ 0.  0.  4.  4.  1.  1.  5.  5. 10. 10. 14. 14. 11. 11. 15. 15.],True
222,4,"[4, 5, 6, 7]","[[0, 1], [2, 3], [0, 5], [1, 6]]","['OR', 'OR', 'AND', 'OR']","(0, 1, 0, 1)",[ 0.  0.  0.  4.  0.  0.  0.  4. 10. 10. 10. 14. 11. 11. 11. 15.],False
223,4,"[4, 5, 6, 7]","[[0, 1], [2, 3], [0, 5], [1, 6]]","['OR', 'OR', 'OR', 'AND']","(1, 1, 0, 1)",[ 0.  0.  0.  4.  0.  0.  0.  4.  2.  2.  2.  6. 11. 11. 11. 15.],False
224,4,"[4, 5, 6, 7]","[[0, 1], [2, 3], [0, 5], [1, 6]]","['OR', 'OR', 'OR', 'AND']","(0, 1, 0, 0)",[ 0.  0.  0.  4.  1.  1.  1.  5. 10. 10. 10. 14. 11. 11. 11. 15.],True
225,4,"[4, 5, 6, 7]","[[0, 1], [2, 3], [0, 5], [1, 6]]","['OR', 'OR', 'OR', 'AND']","(0, 1, 1, 0)",[ 0.  0.  0.  4.  1.  1.  1.  5.  8.  8.  8. 14.  9.  9.  9. 15.],False
226,4,"[4, 5, 6, 7]","[[0, 1], [2, 3], [0, 5], [1, 6]]","['OR', 'OR', 'OR', 'AND']","(1, 0, 0, 1)",[ 0.  0.  4.  4.  0.  0.  4.  4.  2.  2.  6.  6. 11. 11. 15. 15.],False
227,4,"[4, 5, 6, 7]","[[0, 1], [2, 3], [0, 5], [1, 6]]","['OR', 'OR', 'OR', 'AND']","(0, 0, 0, 0)",[ 0.  0.  4.  4.  1.  1.  5.  5. 10. 10. 14. 14. 11. 11. 15. 15.],True
228,4,"[4, 5, 6, 7]","[[0, 1], [2, 3], [0, 5], [1, 6]]","['OR', 'OR', 'OR', 'AND']","(0, 0, 0, 1)",[ 0.  0.  4.  4.  0.  0.  4.  4. 10. 10. 14. 14. 11. 11. 15. 15.],True
229,4,"[4, 5, 6, 7]","[[0, 1], [2, 3], [0, 5], [1, 6]]","['OR', 'OR', 'OR', 'AND']","(0, 0, 1, 1)",[ 0.  0.  4.  4.  0.  0.  4.  4.  8.  8. 14. 14.  8.  8. 15. 15.],False
230,4,"[4, 5, 6, 7]","[[0, 1], [2, 3], [0, 5], [1, 6]]","['OR', 'OR', 'OR', 'AND']","(0, 0, 1, 0)",[ 0.  0.  4.  4.  1.  1.  5.  5.  8.  8. 14. 14.  9.  9. 15. 15.],False
231,4,"[4, 5, 6, 7]","[[0, 1], [2, 3], [0, 5], [1, 6]]","['OR', 'OR', 'OR', 'AND']","(1, 0, 1, 1)",[ 0.  0.  4.  4.  0.  0.  4.  4.  0.  0.  6.  6.  8.  8. 15. 15.],False
232,4,"[4, 5, 6, 7]","[[0, 1], [2, 3], [0, 5], [1, 6]]","['OR', 'OR', 'OR', 'AND']","(1, 1, 1, 1)",[ 0.  0.  0.  4.  0.  0.  0.  4.  0.  0.  0.  6.  8.  8.  8. 15.],True
233,4,"[4, 5, 6, 7]","[[0, 1], [2, 3], [0, 5], [1, 6]]","['OR', 'OR', 'OR', 'AND']","(0, 1, 0, 1)",[ 0.  0.  0.  4.  0.  0.  0.  4. 10. 10. 10. 14. 11. 11. 11. 15.],False
234,4,"[4, 5, 6, 7]","[[0, 1], [2, 3], [0, 5], [1, 6]]","['OR', 'OR', 'OR', 'AND']","(0, 1, 1, 1)",[ 0.  0.  0.  4.  0.  0.  0.  4.  8.  8.  8. 14.  8.  8.  8. 15.],False
235,4,"[4, 5, 6, 7]","[[0, 1], [2, 3], [0, 5], [1, 6]]","['OR', 'OR', 'OR', 'AND']","(1, 1, 0, 0)",[ 0.  0.  0.  4.  1.  1.  1.  5.  2.  2.  2.  6. 11. 11. 11. 15.],True
236,4,"[4, 5, 6, 7]","[[0, 1], [2, 3], [0, 5], [1, 6]]","['OR', 'OR', 'OR', 'AND']","(1, 1, 1, 0)",[ 0.  0.  0.  4.  1.  1.  1.  5.  0.  0.  0.  6.  9.  9.  9. 15.],False
237,4,"[4, 5, 6, 7]","[[0, 1], [2, 3], [0, 5], [1, 6]]","['OR', 'OR', 'OR', 'AND']","(1, 0, 1, 0)",[ 0.  0.  4.  4.  1.  1.  5.  5.  0.  0.  6.  6.  9.  9. 15. 15.],False
238,4,"[4, 5, 6, 7]","[[0, 1], [2, 3], [0, 5], [1, 6]]","['OR', 'OR', 'OR', 'AND']","(1, 0, 0, 0)",[ 0.  0.  4.  4.  1.  1.  5.  5.  2.  2.  6.  6. 11. 11. 15. 15.],False
239,4,"[4, 5, 6, 7]","[[0, 1], [2, 3], [0, 5], [1, 6]]","['OR', 'OR', 'OR', 'OR']","(0, 1, 1, 1)",[ 0.  0.  0.  4.  0.  0.  0.  4.  8.  8.  8. 14.  8.  8.  8. 15.],False
240,4,"[4, 5, 6, 7]","[[0, 1], [2, 3], [0, 5], [1, 6]]","['OR', 'OR', 'OR', 'OR']","(0, 0, 1, 0)",[ 0.  0.  4.  4.  1.  1.  5.  5.  8.  8. 14. 14.  9.  9. 15. 15.],False
241,4,"[4, 5, 6, 7]","[[0, 1], [2, 3], [0, 5], [1, 6]]","['OR', 'OR', 'OR', 'OR']","(1, 1, 1, 0)",[ 0.  0.  0.  4.  1.  1.  1.  5.  0.  0.  0.  6.  9.  9.  9. 15.],False
242,4,"[4, 5, 6, 7]","[[0, 1], [2, 3], [0, 5], [1, 6]]","['OR', 'OR', 'OR', 'OR']","(1, 1, 0, 1)",[ 0.  0.  0.  4.  0.  0.  0.  4.  2.  2.  2.  6. 11. 11. 11. 15.],False
243,4,"[4, 5, 6, 7]","[[0, 1], [2, 3], [0, 5], [1, 6]]","['OR', 'OR', 'OR', 'OR']","(1, 0, 1, 1)",[ 0.  0.  4.  4.  0.  0.  4.  4.  0.  0.  6.  6.  8.  8. 15. 15.],False
244,4,"[4, 5, 6, 7]","[[0, 1], [2, 3], [0, 5], [1, 6]]","['OR', 'OR', 'OR', 'OR']","(0, 0, 0, 0)",[ 0.  0.  4.  4.  1.  1.  5.  5. 10. 10. 14. 14. 11. 11. 15. 15.],False
245,4,"[4, 5, 6, 7]","[[0, 1], [2, 3], [0, 5], [1, 6]]","['OR', 'OR', 'OR', 'OR']","(0, 0, 1, 1)",[ 0.  0.  4.  4.  0.  0.  4.  4.  8.  8. 14. 14.  8.  8. 15. 15.],False
246,4,"[4, 5, 6, 7]","[[0, 1], [2, 3], [0, 5], [1, 6]]","['OR', 'OR', 'OR', 'OR']","(1, 1, 0, 0)",[ 0.  0.  0.  4.  1.  1.  1.  5.  2.  2.  2.  6. 11. 11. 11. 15.],False
247,4,"[4, 5, 6, 7]","[[0, 1], [2, 3], [0, 5], [1, 6]]","['OR', 'OR', 'OR', 'OR']","(0, 0, 0, 1)",[ 0.  0.  4.  4.  0.  0.  4.  4. 10. 10. 14. 14. 11. 11. 15. 15.],True
248,4,"[4, 5, 6, 7]","[[0, 1], [2, 3], [0, 5], [1, 6]]","['OR', 'OR', 'OR', 'OR']","(0, 1, 0, 0)",[ 0.  0.  0.  4.  1.  1.  1.  5. 10. 10. 10. 14. 11. 11. 11. 15.],False
249,4,"[4, 5, 6, 7]","[[0, 1], [2, 3], [0, 5], [1, 6]]","['OR', 'OR', 'OR', 'OR']","(1, 0, 0, 0)",[ 0.  0.  4.  4.  1.  1.  5.  5.  2.  2.  6.  6. 11. 11. 15. 15.],True
250,4,"[4, 5, 6, 7]","[[0, 1], [2, 3], [0, 5], [1, 6]]","['OR', 'OR', 'OR', 'OR']","(0, 1, 0, 1)",[ 0.  0.  0.  4.  0.  0.  0.  4. 10. 10. 10. 14. 11. 11. 11. 15.],False
251,4,"[4, 5, 6, 7]","[[0, 1], [2, 3], [0, 5], [1, 6]]","['OR', 'OR', 'OR', 'OR']","(0, 1, 1, 0)",[ 0.  0.  0.  4.  1.  1.  1.  5.  8.  8.  8. 14.  9.  9.  9. 15.],False
252,4,"[4, 5, 6, 7]","[[0, 1], [2, 3], [0, 5], [1, 6]]","['OR', 'OR', 'OR', 'OR']","(1, 0, 1, 0)",[ 0.  0.  4.  4.  1.  1.  5.  5.  0.  0.  6.  6.  9.  9. 15. 15.],False
253,4,"[4, 5, 6, 7]","[[0, 1], [2, 3], [0, 5], [1, 6]]","['OR', 'OR', 'OR', 'OR']","(1, 0, 0, 1)",[ 0.  0.  4.  4.  0.  0.  4.  4.  2.  2.  6.  6. 11. 11. 15. 15.],True
254,4,"[4, 5, 6, 7]","[[0, 1], [2, 3], [0, 5], [1, 6]]","['OR', 'OR', 'OR', 'OR']","(1, 1, 1, 1)",[ 0.  0.  0.  4.  0.  0.  0.  4.  0.  0.  0.  6.  8.  8.  8. 15.],False
